Name,Acceleration,Curve,Finishing,Free kick accuracy,Heading accuracy,Penalties,Positioning,Sprint speed,Volleys
Cristiano Ronaldo,89,81,94,76,88,85,95,91,88
L. Messi,92,89,95,90,71,74,93,87,85
Neymar,94,81,89,84,62,81,90,90,83
L. Suárez,88,86,94,84,77,85,92,77,88
M. Neuer,58,14,13,11,25,47,12,61,11
R. Lewandowski,79,77,91,84,85,81,91,83,87
De Gea,57,21,13,19,21,40,12,58,13
E. Hazard,93,82,83,79,57,86,85,87,79
T. Kroos,60,85,76,84,54,73,79,52,82
G. Higuaín,78,74,91,62,86,70,92,80,88
Sergio Ramos,75,73,60,67,91,68,52,77,66
K. De Bruyne,76,83,83,83,53,77,84,75,82
T. Courtois,46,19,14,11,13,27,13,52,12
A. Sánchez,88,78,85,78,70,77,86,84,83
L. Modrić,75,79,71,77,55,80,79,71,74
G. Bale,93,86,87,85,86,76,86,95,76
S. Agüero,90,82,90,72,68,83,91,84,85
G. Chiellini,68,60,33,31,84,50,28,78,45
G. Buffon,49,20,15,13,13,22,12,43,17
P. Dybala,88,88,85,84,68,86,84,84,88
J. Oblak,43,13,11,14,15,11,11,60,13
A. Griezmann,87,84,88,75,80,71,91,86,87
Thiago,77,85,69,77,58,75,83,68,90
P. Aubameyang,95,78,88,74,79,79,89,96,86
L. Bonucci,62,56,39,61,88,70,38,72,58
J. Boateng,72,56,34,31,85,46,47,78,53
D. Godín,62,49,42,51,92,50,48,67,47
M. Hummels,62,65,55,53,89,68,56,65,60
M. Özil,75,84,74,79,54,67,83,68,77
H. Lloris,65,11,10,10,10,40,10,63,11
Thiago Silva,70,61,38,67,82,71,59,74,63
Z. Ibrahimović,63,82,87,82,80,91,86,67,90
A. Robben,87,87,85,81,51,80,85,86,86
N. Kanté,82,49,65,49,54,54,71,80,56
M. Verratti,69,73,58,64,55,64,71,62,64
P. Pogba,72,84,71,82,73,76,83,76,85
C. Eriksen,77,85,76,87,52,67,81,74,74
A. Vidal,76,76,77,68,81,81,80,74,78
E. Cavani,75,75,83,74,88,84,92,78,84
Marcelo,77,80,67,67,71,59,75,79,54
M. Hamšík,72,80,78,72,74,70,88,75,79
I. Rakitić,67,88,83,84,58,78,80,64,80
David Silva,72,82,71,75,54,73,81,65,79
S. Handanovič,54,12,10,14,10,23,12,57,12
Piqué,55,58,64,43,83,69,58,73,57
Iniesta,72,80,70,70,54,71,84,71,74
H. Kane,68,71,90,66,83,84,89,74,73
J. Rodríguez,77,87,82,86,62,81,80,75,91
Isco,74,86,88,74,55,76,83,69,64
D. Alaba,86,78,63,85,75,80,77,86,68
R. Lukaku,76,72,89,66,87,82,87,89,76
Alex Sandro,84,78,55,59,76,60,70,88,68
T. Müller,76,81,87,59,82,60,93,78,83
Sergio Busquets,48,66,60,68,68,60,77,34,44
Coutinho,88,84,74,82,47,64,83,77,75
M. Reus,86,90,86,84,49,87,86,90,88
T. Alderweireld,62,63,45,69,82,60,56,69,38
David Luiz,68,70,55,76,83,75,54,71,64
Diego Costa,74,62,88,59,83,76,88,75,81
R. Nainggolan,80,73,76,68,59,63,88,76,75
Javi Martínez,49,54,53,45,90,52,57,50,61
D. Mertens,93,81,85,77,35,78,85,87,70
Sokratis,71,36,44,35,87,33,50,84,46
Miranda,67,32,43,39,83,49,43,74,51
K. Benzema,77,79,87,73,78,82,87,78,79
Cesc Fàbregas,65,77,76,81,74,80,78,62,81
F. Ribéry,85,83,76,81,41,78,81,79,80
Pepe,65,44,46,47,80,57,40,70,23
P. Čech,40,13,12,19,19,23,13,44,17
Y. Carrasco,87,81,79,78,53,74,82,89,68
R. Varane,77,46,40,54,83,43,44,81,42
Casemiro,63,59,59,74,74,66,66,61,53
L. Insigne,94,83,73,77,56,61,83,86,74
A. Lacazette,84,74,87,71,72,84,87,87,82
K. Navas,54,11,15,15,11,25,16,53,11
H. Mkhitaryan,88,83,77,64,53,72,82,84,81
D. Subašić,51,24,10,66,13,23,15,54,13
B. Leno,46,9,9,8,13,23,7,52,10
M. ter Stegen,38,18,14,12,11,25,11,50,14
K. Glik,53,35,27,26,85,39,24,58,17
Jordi Alba,93,77,73,64,63,59,77,93,60
I. Gündoğan,73,81,72,74,49,76,79,70,75
Azpilicueta,78,66,46,58,76,66,62,79,51
A. Di María,86,78,74,72,53,73,82,86,77
M. Pjanić,74,86,61,91,60,79,70,74,72
C. Marchisio,78,78,61,78,68,78,80,78,76
J. Vertonghen,68,58,56,73,81,68,60,66,52
B. Matuidi,79,65,65,52,73,56,68,78,72
S. Ruffier,45,17,11,12,12,25,12,50,13
Filipe Luís,75,74,59,75,68,65,71,82,56
V. Kompany,61,61,45,52,84,63,41,64,46
A. Barzagli,64,50,21,31,72,60,28,76,35
E. Bailly,75,46,33,43,81,46,47,80,42
Marco Asensio,79,83,82,76,50,62,72,77,75
Bernardo Silva,85,79,76,63,51,64,77,78,66
A. Laporte,68,62,45,77,85,35,54,70,40
D. Alli,77,71,84,53,75,68,86,76,76
S. Mané,94,74,83,64,53,71,84,92,68
Carvajal,76,72,41,47,65,45,61,86,34
J. Draxler,76,78,78,75,65,63,79,79,84
M. Icardi,75,58,89,45,84,78,89,80,81
Morata,78,76,82,44,79,72,83,86,81
K. Koulibaly,69,28,19,28,79,33,24,76,14
T. Horn,45,12,13,15,14,21,15,51,14
Koke,72,85,71,76,61,59,80,69,56
K. Manolas,78,30,10,10,80,26,25,81,16
S. Mustafi,64,55,58,47,81,54,50,69,51
Ander Herrera,76,80,71,65,60,79,78,70,69
K. Strootman,65,75,68,74,68,77,78,68,63
Pedro,84,81,81,57,55,66,84,80,70
R. Bürki,44,13,8,12,17,20,10,52,13
Bruno,42,72,66,77,61,75,69,41,48
I. Perišić,81,73,79,76,78,76,84,87,80
E. Džeko,67,65,87,54,84,67,89,61,77
Willian,91,82,77,85,29,70,80,86,59
S. Khedira,60,68,69,68,76,69,80,68,76
R. Fährmann,38,18,11,11,15,21,11,47,11
Sergio Asenjo,59,23,14,22,13,15,12,54,22
Juan Mata,71,84,79,84,59,81,83,63,71
M. Benatia,72,34,45,27,80,41,38,76,31
D. Payet,79,90,76,91,59,76,79,72,79
Falcao,73,83,87,71,90,84,85,66,84
L. Koscielny,74,22,32,49,81,51,39,76,35
G. Cahill,62,48,56,27,86,53,45,63,47
Dani Alves,79,80,55,74,72,70,74,84,68
A. Gómez,94,78,78,71,36,71,81,86,72
Aduriz,69,61,85,54,94,75,86,70,84
K. Mbappé,89,75,87,58,76,70,79,90,74
O. Dembélé,93,78,77,65,43,75,78,89,76
N. Keïta,82,63,74,47,42,58,74,66,59
J. Giménez,68,36,37,44,79,38,24,72,30
G. Rulli,54,19,15,20,12,24,12,48,16
T. Lemar,86,81,78,81,54,68,76,84,75
João Mário,71,74,66,67,55,66,80,75,69
N. Süle,51,28,20,30,85,32,26,76,29
Ederson,64,12,14,20,14,17,16,63,18
Fabinho,73,71,66,45,75,91,68,75,30
M. Salah,93,70,79,60,59,61,83,93,71
A. Belotti,80,64,88,56,84,77,85,83,80
E. Forsberg,78,81,72,77,45,64,77,72,67
Marquinhos,69,49,33,32,80,31,46,72,31
William Carvalho,52,77,56,50,73,60,62,53,50
S. Umtiti,72,72,51,63,72,61,58,75,70
R. Mahrez,85,79,74,75,45,72,79,80,71
V. van Dijk,69,60,52,70,80,62,41,76,45
Roberto Firmino,77,80,83,67,72,72,84,77,79
Danilo Pereira,67,48,56,53,76,52,69,68,55
Vitolo,81,76,79,62,65,74,80,79,75
A. Lopes,60,15,18,14,16,16,9,64,13
S. de Vrij,68,45,25,16,78,41,32,68,27
M. Perin,57,15,11,13,12,21,12,56,19
J. Matip,60,63,36,22,85,42,51,73,50
I. Gueye,78,33,50,43,69,54,67,75,32
Iago Aspas,84,83,86,76,78,80,85,79,86
N. Otamendi,62,50,53,39,83,44,49,64,56
N. Matić,62,68,64,67,77,69,68,66,74
J. Pastore,69,83,73,69,63,75,78,72,78
S. Kagawa,76,74,76,63,42,78,80,65,75
G. Bonaventura,78,78,70,78,60,68,78,78,78
B. Dost,54,62,87,32,93,81,88,64,85
K. Walker,86,76,51,71,73,63,66,93,57
Oscar,75,77,75,77,54,68,81,74,63
S. N'Zonzi,52,73,64,42,79,57,70,61,55
M. Musacchio,72,53,48,45,81,57,50,69,36
O. Toprak,72,44,28,33,83,48,35,79,55
José Callejón,90,65,76,65,65,62,88,90,84
Adrien Silva,64,79,71,75,61,85,75,65,75
S. Giovinco,88,86,83,89,34,77,84,81,75
N. Gaitán,84,88,73,72,54,71,79,79,81
M. Mandžukić,68,64,84,49,90,76,89,76,86
A. Lallana,74,77,79,66,67,70,77,72,72
B. Höwedes,62,38,48,52,84,56,51,65,38
E. Banega,71,83,65,81,45,67,75,67,65
Rui Patrício,53,10,12,16,11,32,13,57,17
Y. Sommer,48,12,13,13,10,24,15,54,8
M. Schneiderlin,67,68,61,61,71,56,65,68,56
Jonas,66,85,87,77,79,84,86,65,85
K. Gameiro,88,76,86,70,67,85,86,86,78
L. Piszczek,73,80,65,47,74,65,73,84,67
E. Garay,39,55,58,74,85,69,49,46,49
K. Schmeichel,62,13,12,15,16,26,14,60,15
Borja Valero,73,78,67,76,60,72,76,67,70
L. Perrin,67,59,64,51,80,68,58,69,44
L. Biglia,70,71,50,76,54,72,55,68,78
Juanfran,76,80,54,59,59,66,68,87,49
Diego López,34,10,12,11,10,21,11,52,14
Santi Cazorla,68,86,75,78,58,80,79,63,72
J. Mascherano,67,63,42,50,68,60,51,64,51
W. Sneijder,70,88,72,86,32,76,74,69,80
Nani,84,86,75,79,46,72,77,78,75
D. De Rossi,69,62,50,71,81,75,55,68,74
José Reina,50,11,14,11,13,24,13,63,11
Quaresma,85,92,70,78,41,74,75,82,80
Y. Touré,61,82,82,86,72,89,80,64,68
Casillas,59,25,12,13,25,24,16,57,14
G. Donnarumma,46,12,12,14,12,24,14,54,8
L. Sané,93,82,78,62,72,63,82,94,64
T. Bakayoko,75,49,39,37,72,45,60,72,36
C. Tolisso,79,66,75,73,82,70,79,69,62
I. Slimani,66,73,80,47,91,74,85,72,79
N. Fekir,79,80,78,71,49,72,79,80,74
J. Seri,84,77,69,81,60,67,77,77,47
K. Baldé Diao,93,70,79,52,58,58,78,92,68
J. Tah,64,30,19,27,80,38,27,78,24
F. Bernardeschi,84,79,73,80,48,72,80,84,70
T. Werner,92,62,86,42,74,68,85,91,81
André Gomes,71,82,68,68,69,55,77,66,63
L. Goretzka,83,76,71,72,74,60,77,85,68
Q. Promes,86,75,82,76,60,72,79,91,68
Lucas Vázquez,83,82,77,75,52,56,81,79,54
Saúl,72,63,71,60,83,54,79,73,30
Felipe,65,32,39,30,82,47,34,70,40
C. Bacca,76,72,87,58,76,80,87,78,80
F. Vázquez,62,82,77,68,68,67,74,66,79
M. Kovačić,85,78,62,68,42,59,69,77,76
Sergio Rico,50,24,14,20,11,24,11,53,15
Manu Trigueros,73,78,71,69,76,65,77,73,63
A. Rüdiger,73,34,27,56,78,40,33,75,34
F. Thauvin,88,80,74,54,69,57,80,77,67
S. Savić,60,34,34,28,81,37,29,65,27
Iñigo Martínez,70,72,42,51,78,39,48,72,37
Roque Mesa,76,46,67,48,32,42,67,78,34
A. Florenzi,86,73,76,79,70,76,82,84,87
D. Klaassen,73,62,82,44,74,75,84,73,82
K. Bellarabi,91,70,75,58,48,57,78,93,72
R. Sterling,94,64,73,49,38,63,81,92,59
Suso,84,84,70,80,50,72,76,80,72
Deulofeu,93,84,70,78,40,78,78,93,68
E. Dier,70,54,52,77,83,70,53,74,52
M. Rojo,70,67,50,57,82,64,57,71,49
Lucas,95,69,72,74,50,75,78,92,70
H. Son,87,81,83,70,65,71,83,86,73
F. Acerbi,65,62,37,56,77,72,20,60,39
G. Xhaka,48,68,49,70,62,59,77,51,50
Jonathan Viera,86,80,78,76,41,74,79,76,57
Pizzi,83,83,77,76,45,76,85,76,77
Willian José,65,68,84,71,84,80,85,68,80
O. Baumann,47,12,11,11,16,22,10,51,11
G. Medel,74,35,31,45,68,62,58,74,61
Víctor Ruíz,54,67,37,46,77,46,39,61,39
X. Shaqiri,87,82,72,78,37,65,78,79,76
J. Cuadrado,90,76,67,69,58,65,78,92,68
C. Immobile,77,70,86,51,75,76,86,85,81
Douglas Costa,96,79,71,78,51,77,77,88,73
N. Clyne,82,64,54,39,67,46,72,83,45
Iborra,49,66,72,70,81,72,82,51,66
K. Trapp,45,14,13,12,11,17,12,52,12
V. Wanyama,60,62,63,57,73,65,65,68,60
Taison,93,52,76,73,56,72,74,91,82
Marlos,85,80,76,72,53,74,77,82,68
L. Stindl,74,79,84,69,64,80,86,69,86
M. Balotelli,77,78,84,78,66,92,76,82,74
A. Ramsey,67,70,72,70,58,75,82,68,79
W. Szczęsny,51,16,12,14,16,18,14,47,14
G. Sigurðsson,65,87,81,89,60,80,80,66,75
Y. Brahimi,86,83,74,78,46,75,76,75,73
M. Arnautović,76,79,73,74,71,77,80,78,79
J. Henderson,73,80,67,74,65,64,76,71,72
M. Kruse,74,80,86,69,63,89,85,69,80
O. Karnezis,44,11,16,11,24,21,10,34,14
L. Fejsa,52,43,49,57,73,56,50,54,53
F. Muslera,60,14,10,10,12,24,13,62,10
V. Ćorluka,49,69,47,60,83,49,45,65,38
G. Wijnaldum,79,76,74,70,72,74,82,82,73
F. Fazio,31,46,41,37,89,33,32,30,35
O. Giroud,51,70,83,65,90,81,83,55,82
J. Hernández,84,67,87,52,82,76,87,75,79
Beñat,65,83,69,84,47,69,78,52,61
L. Bender,66,49,59,47,78,52,69,69,57
A. Witsel,67,69,71,68,77,81,75,74,67
C. Bravo,58,25,13,38,18,23,15,54,11
A. Begović,52,17,12,15,12,40,11,58,12
Naldo,67,52,57,76,91,60,53,70,60
D. Sturridge,74,62,83,68,73,75,84,78,75
D. Rose,80,64,57,57,62,57,68,81,64
C. Vela,87,80,81,71,64,72,81,81,84
E. Viviano,30,14,17,16,13,21,10,33,13
G. Castro,73,80,69,74,52,58,76,69,65
S. Nasri,78,77,76,79,42,77,79,78,72
A. Williams,62,34,37,23,78,45,28,67,34
S. Mandanda,53,13,13,12,13,11,11,43,13
L. Baines,73,81,63,82,74,90,73,68,63
A. Consigli,48,15,10,15,10,21,10,34,19
João Moutinho,73,82,74,79,70,70,73,65,76
B. Costil,49,12,14,11,15,15,12,53,12
Raúl Albiol,57,53,27,45,77,37,30,57,31
J. Hart,59,17,14,13,10,48,14,60,19
M. Gómez,68,68,84,36,83,74,84,75,78
Raffael,77,80,81,73,63,72,82,68,75
A. Turan,75,81,71,64,70,73,81,68,80
Fernandinho,73,70,69,71,55,61,68,73,74
David Villa,72,83,86,80,67,88,86,67,79
S. Lichtsteiner,76,68,45,66,72,64,66,78,62
R. Jarstein,40,10,13,14,16,13,15,46,16
Gabriel Jesus,89,76,83,54,66,78,83,85,67
Nélson Semedo,91,61,50,30,58,38,73,92,42
Gelson Martins,95,84,66,60,51,66,77,94,74
J. Weigl,74,58,47,46,63,50,55,67,52
D. Sánchez,65,22,40,27,81,44,34,76,28
A. Kramarić,78,68,82,71,69,84,84,69,78
M. Brozović,72,79,69,74,62,69,76,74,65
Williams,92,49,78,53,67,64,76,94,64
Dani García,57,61,51,57,46,58,60,40,52
J. Kimmich,76,81,66,61,69,44,76,65,61
Bruma,94,75,70,69,52,71,75,92,60
D. Berardi,85,72,77,76,62,80,81,85,78
A. Rabiot,72,67,66,57,75,68,74,68,69
R. Guerreiro,83,84,72,82,61,44,76,72,76
J. Vardy,91,59,83,48,64,76,84,91,73
H. Ziyech,74,90,70,83,53,74,75,77,77
M. Keane,73,53,50,33,84,48,29,72,40
Jorginho,74,75,57,76,56,84,72,75,71
Héctor Bellerín,96,63,52,50,60,62,67,94,41
J. Butland,38,12,16,14,12,42,16,43,12
S. Zaza,79,68,82,56,81,80,83,79,84
T. Meunier,72,69,72,56,72,65,78,80,79
Felipe Anderson,94,71,71,69,44,53,70,91,68
Rafinha,74,75,74,61,55,67,77,74,76
Nacho Fernández,72,55,32,37,80,45,37,80,38
J. Cillessen,54,10,10,10,12,21,11,50,19
Sergi Roberto,76,70,64,61,62,57,69,78,46
W. Ben Yedder,84,80,84,77,74,74,83,83,76
Lucas Pérez,80,83,83,78,68,79,80,81,78
R. Barkley,77,68,69,70,65,65,71,77,61
C. Bakambu,86,68,81,54,71,72,82,88,78
W. Zaha,89,54,74,51,43,66,74,90,59
Bartra,78,56,43,45,82,52,61,77,43
S. Aurier,84,69,65,30,75,66,74,84,50
S. Coates,50,47,32,19,80,42,49,64,55
G. Krychowiak,62,46,42,62,83,78,52,68,40
K. Kampl,86,76,65,64,34,64,76,75,58
A. Yarmolenko,81,80,78,75,69,69,78,81,74
Y. Belhanda,77,78,75,78,67,80,73,73,69
Mário Fernandes,79,66,58,39,73,53,76,88,52
R. Rodríguez,73,82,59,84,64,83,68,74,67
J. Corona,87,85,76,67,67,68,80,79,75
Mario Gaspar,78,75,68,54,64,50,64,83,77
Marcos Alonso,74,75,64,80,70,64,73,79,52
M. Götze,71,80,74,73,49,65,82,66,87
L. Hrádecký,38,11,11,15,11,20,9,44,9
Illarramendi,65,78,64,68,51,50,79,55,58
De Marcos,83,77,59,53,59,55,80,89,57
C. Smalling,69,49,50,22,83,52,48,75,54
Iturraspe,57,68,60,66,78,58,72,60,47
J. Wilshere,73,80,64,72,58,65,80,69,64
S. Rudy,74,82,63,79,59,71,72,68,66
M. Lanzini,85,75,70,76,56,73,72,80,61
R. Boudebouz,77,83,78,82,45,87,75,76,73
Camacho,64,62,58,59,83,48,66,59,52
Paulinho,76,66,72,72,80,71,75,76,75
N. Kalinić,69,64,85,54,80,70,90,77,80
Giuliano,83,68,76,69,59,75,78,79,66
C. Benteke,70,60,79,67,87,77,76,76,73
D. Perotti,84,72,66,64,57,90,78,78,60
M. Parolo,68,67,70,55,75,45,82,74,76
K. Mitroglou,53,72,82,71,85,61,83,62,80
M. Sakho,53,50,23,30,74,40,32,67,20
A. Rami,49,43,45,55,79,48,24,57,45
S. Jovetić,75,85,80,72,74,80,80,78,79
S. Coleman,74,42,62,35,67,60,75,72,64
S. Kjær,60,52,55,73,82,61,31,68,37
Adán,55,11,11,12,23,25,11,55,15
M. Valbuena,81,82,74,77,50,68,76,79,76
S. Mignolet,55,16,11,12,16,41,16,56,16
D. Astori,66,33,25,17,77,27,29,69,27
K. Mirallas,82,77,77,76,64,78,80,84,76
Raúl García,54,72,73,68,88,76,85,60,55
M. Škrtel,54,33,35,27,84,39,33,67,43
T. Heaton,56,15,12,13,16,24,12,53,12
H. Ben Arfa,79,80,75,75,53,87,74,73,74
Dante,44,51,47,60,83,57,41,45,44
A. Gignac,74,77,86,70,78,78,81,71,80
Gabi,62,86,67,75,51,83,72,65,64
G. Rodríguez,65,50,44,46,84,74,32,70,22
D. Srna,69,86,69,83,60,84,76,76,72
B. Schweinsteiger,40,82,69,78,78,77,75,39,82
C. Carrasso,38,10,13,12,11,13,13,42,13
Moyá,46,16,11,12,12,11,10,34,13
W. Rooney,67,84,80,81,75,83,79,68,83
P. Mertesacker,26,39,36,45,84,42,43,28,30
T. Motta,31,67,54,67,77,70,50,32,76
Fernando Torres,74,80,77,63,77,74,82,77,81
S. Eto'o,73,78,85,72,75,85,83,75,80
S. Milinković-Savić,68,72,69,66,86,38,79,73,68
Y. Tielemans,52,84,73,74,57,76,74,53,78
Jemerson,64,26,28,26,79,54,26,63,46
N. Bentaleb,66,69,62,62,51,78,68,68,67
Alisson,44,19,13,18,19,23,13,35,20
J. Brandt,79,69,74,52,42,54,77,83,66
K. Demirbay,67,82,72,80,46,68,78,68,59
D. Rugani,54,45,33,25,80,36,28,66,35
Samu Castillejo,86,75,69,72,43,59,81,86,58
P. Zieliński,82,80,64,65,52,51,75,83,70
Ricardo Pereira,89,76,60,42,64,53,78,88,53
Grimaldo,87,77,50,80,64,51,71,86,58
Fred,80,70,71,59,55,65,69,84,64
J. Hector,76,65,55,65,73,65,62,77,51
S. Kolašinac,73,43,42,25,73,44,62,82,31
Arrizabalaga,34,25,11,19,17,24,15,33,18
Leo Baptistao,77,70,79,59,78,65,83,80,77
M. Nastasić,66,47,27,28,79,47,30,74,32
Denis Suárez,80,82,75,72,44,63,77,79,68
M. Batshuayi,77,61,83,46,73,67,83,80,74
J. Brooks,69,30,39,28,86,45,40,78,32
Eric Botteghin,35,25,25,43,79,52,30,34,25
L. Karius,51,12,18,14,14,19,8,50,14
T. Hazard,85,82,79,79,38,73,80,77,80
V. Germain,78,76,82,75,79,77,86,78,79
L. Kurzawa,81,73,71,53,76,62,76,74,61
J. Iličić,68,77,78,84,58,78,78,72,80
K. Volland,78,79,80,76,67,72,80,77,76
Allan,78,65,62,49,59,53,78,76,56
P. Hernández,72,75,69,69,53,62,80,70,69
D. Tadić,70,83,65,76,63,75,73,70,73
L. Muriel,87,77,80,60,65,74,78,90,75
Pablo Sarabia,74,80,73,73,61,61,75,77,53
A. Oxlade-Chamberlain,87,67,68,53,39,69,74,88,58
J. Guilavogui,66,42,49,53,78,50,63,73,49
O. Özyakup,76,83,68,77,50,78,74,75,72
Y. Rakitskyi,69,75,57,77,69,50,53,74,53
Sergi Enrich,63,55,83,47,80,63,87,68,79
Neto,53,12,15,13,14,22,11,49,12
Hugo Mallo,73,78,28,38,63,23,46,75,28
D. Didavi,75,78,79,75,58,65,82,78,73
R. Soriano,77,79,76,56,65,62,74,77,75
A. Schürrle,84,80,80,68,63,83,80,83,82
M. Gonalons,67,57,55,57,75,68,60,66,60
R. Pereyra,78,78,61,72,60,72,76,78,74
K. Vogt,66,50,50,62,78,53,55,85,51
F. Orellana,82,81,75,79,69,75,75,78,61
E. Salvio,88,75,76,64,67,60,81,86,71
D. Blind,63,84,46,62,71,56,68,58,62
S. El Shaarawy,86,80,75,63,51,72,76,87,77
M. Antonio,82,66,74,60,88,73,77,87,69
Iago Falqué,80,80,75,75,53,77,80,79,69
S. Rondón,73,53,77,52,88,62,82,76,73
Daniel Carriço,54,39,48,54,79,62,57,59,47
M. Schmelzer,75,74,37,72,73,46,54,84,47
J. McCarthy,72,64,55,64,63,60,63,68,61
Ganso,36,80,72,76,65,76,74,34,75
F. Smolov,89,78,82,64,70,74,83,85,79
D. Welbeck,83,61,75,62,75,70,80,84,76
Luiz Gustavo,65,42,46,45,73,58,51,64,54
Mikel San José,38,31,69,44,82,51,70,47,70
M. Darmian,78,69,55,35,68,45,64,77,59
R. Thomas,55,39,22,34,80,55,28,54,18
I. Traoré,92,84,66,74,44,56,76,85,75
Sidnei,42,36,46,39,74,58,44,58,43
J. Lens,87,71,75,68,63,67,71,90,85
Eder,86,80,81,78,60,78,85,84,76
Kiko Casilla,32,25,14,25,13,23,12,49,23
Nacho Monreal,74,74,39,59,67,61,64,72,56
S. Bender,67,33,39,30,75,34,49,72,54
M. Díaz,65,83,52,82,63,66,66,57,66
A. Fernández,67,65,69,61,59,62,78,71,57
M. Berg,74,66,82,47,77,70,83,75,74
V. Birsa,72,78,62,78,60,76,75,78,73
Pedro León,64,87,74,84,36,71,74,69,68
K. Boateng,73,81,75,71,74,67,77,73,83
Marcano,67,39,41,37,83,35,30,69,34
H. Moreno,66,48,43,28,84,63,46,66,55
S. Romero,47,12,14,13,12,16,11,44,17
A. Candreva,77,74,74,71,55,83,79,78,75
D. Wass,73,79,69,83,67,64,74,76,69
Coke,75,70,62,36,83,74,62,75,43
A. Guardado,76,70,58,71,55,70,67,76,69
J. dos Santos,68,80,62,76,57,59,80,65,73
E. Lamela,78,83,73,79,71,75,77,74,77
R. Bertrand,79,74,50,66,69,52,63,79,43
Renato Augusto,66,80,65,75,57,68,75,67,77
Jardel,55,30,38,35,84,57,30,64,27
V. Denisov,86,65,40,62,66,31,60,80,57
D. Basta,77,72,58,66,72,55,66,76,64
G. Cabral,43,33,22,48,81,47,40,42,28
G. Paletta,49,48,16,35,76,35,28,53,30
T. Walcott,92,76,77,74,58,74,80,91,72
L. Fabiański,50,18,13,12,11,22,15,47,17
B. Foster,50,15,18,17,14,41,14,48,14
V. Ibišević,53,73,85,56,83,81,86,53,84
K. El Ahmadi,66,68,54,50,60,69,64,65,65
S. Kalou,69,72,83,62,76,86,83,67,78
Manuel Fernandes,83,79,71,70,59,75,70,76,69
A. Granqvist,46,36,51,40,81,79,54,49,37
L. Podolski,79,80,82,75,65,83,79,77,89
Javi Fuego,61,70,54,62,60,60,58,52,53
F. Belluschi,70,85,69,82,58,75,74,70,75
A. Mirante,44,17,17,13,13,21,10,43,15
F. Marchetti,55,14,17,12,12,22,12,50,12
Kaká,63,84,74,70,52,84,77,61,84
J. Milner,69,81,66,77,69,83,75,66,76
A. Hutchinson,68,67,63,64,75,76,64,69,63
M. Topal,67,60,58,54,76,68,56,68,54
J. Mathieu,67,80,51,71,80,60,53,76,61
C. Kameni,44,11,11,12,13,24,14,45,13
P. Jagielka,47,55,30,31,79,68,51,52,44
P. Evra,73,76,33,51,80,57,68,70,53
J. Defoe,77,63,87,68,66,74,87,72,82
Júlio César,39,16,12,11,18,13,12,43,11
M. Carrick,43,68,59,59,71,64,66,44,67
Oyarzabal,71,63,75,55,44,47,80,75,64
Soares,82,69,80,40,77,68,83,87,73
M. Campaña,40,15,16,13,13,23,18,48,12
F. Andone,79,58,79,55,76,74,84,78,77
M. Acuña,85,87,67,78,55,43,72,84,68
V. Lindelöf,68,64,36,66,78,55,37,72,34
Y. Cardinale,53,13,14,18,16,23,12,40,20
C. Lenglet,72,25,23,27,70,43,42,73,24
M. Dahoud,78,58,60,48,42,55,65,69,49
D. Zappacosta,78,72,60,59,68,59,71,85,68
N. Maksimović,62,29,22,23,82,26,29,68,28
E. Rigoni,90,81,75,78,46,60,75,82,71
I. Marcone,57,59,48,60,73,59,56,42,49
L. López,64,37,48,32,81,48,38,68,50
A. Correa,85,82,82,65,61,55,79,79,77
K. Coman,93,84,75,70,52,70,75,92,77
S. Kritsyuk,49,12,19,20,17,14,18,47,12
W. Cyprien,78,78,74,79,67,53,69,79,60
Diego Llorente,59,30,39,35,77,53,43,62,31
L. Dendoncker,66,72,66,71,79,44,71,70,71
M. Meyer,79,74,68,66,37,60,74,67,60
Gayà,83,80,56,49,60,52,72,89,59
S. Boufal,83,71,72,69,35,69,76,81,70
M. Benassi,69,71,63,65,72,51,77,68,70
N. Tagliafico,92,61,57,40,76,46,66,85,33
E. Hysaj,78,40,47,30,66,40,63,84,40
João Cancelo,93,81,59,69,64,46,80,91,55
A. Romagnoli,64,36,20,24,76,34,26,68,24
Óliver Torres,75,77,70,64,52,64,77,67,60
H. Çalhanoğlu,71,92,74,93,53,71,77,67,77
L. Vietto,76,83,82,70,69,69,83,75,81
M. Arnold,67,73,77,59,54,59,75,67,85
S. Gnabry,92,59,74,62,46,69,75,88,80
L. Shaw,80,63,44,58,65,53,73,84,58
E. Višća,90,70,80,56,45,75,80,89,73
D. Baselli,70,79,67,73,64,71,75,70,73
A. Milik,70,71,86,74,75,79,79,75,76
Bernat,84,76,57,51,53,53,74,74,59
W. Orban,55,28,34,32,83,41,34,54,33
Rubén Pardo,65,76,66,77,48,69,68,68,42
K. Zouma,63,59,47,60,77,61,53,71,47
C. Kramer,53,54,45,51,58,47,70,53,49
S. Vrsaljko,80,70,44,57,69,52,65,81,53
Zé Luís,80,66,75,54,84,75,78,81,75
J. Stones,71,46,29,29,77,37,48,71,27
J. Vestergaard,47,41,34,40,86,75,43,46,39
Fernando,70,82,63,82,62,61,47,76,45
F. Fernández,48,49,26,42,80,42,36,48,21
S. Sané,62,33,36,58,88,43,48,68,26
N. Sansone,84,76,80,69,65,66,78,82,73
P. Ntep,88,77,72,73,43,70,75,90,74
F. Ghoulam,74,73,54,68,70,76,64,84,52
J. Murillo,73,38,37,26,77,46,45,76,44
Cédric,84,66,57,64,65,60,71,80,68
L. Tonelli,72,38,25,17,76,35,23,75,33
R. Saponara,71,80,64,70,58,68,78,78,64
D. Sidibé,78,77,70,73,66,43,76,82,42
Y. Konoplyanka,86,83,76,80,49,75,75,86,67
L. Digne,79,68,52,57,64,58,67,81,45
Paco Alcácer,72,66,81,59,77,71,87,73,82
Vicente Gómez,40,59,65,50,74,46,70,50,48
E. Çolak,76,75,75,79,65,72,75,71,70
N. Jørgensen,76,69,79,64,72,72,79,78,74
Oriol Romeu,63,49,25,53,67,54,50,52,35
Nolito,74,82,79,80,45,74,82,70,65
B. Martins Indi,54,30,38,38,75,38,42,59,32
M. Gabbiadini,74,78,82,82,71,72,78,74,72
P. Herrmann,86,74,75,60,54,63,80,87,74
F. Lejeune,42,47,50,41,75,43,46,54,42
J. Bruma,62,43,38,66,81,39,49,68,34
P. Jones,51,38,50,35,75,55,42,64,60
Keko,80,73,69,69,34,66,73,78,70
H. Pérez,83,62,70,62,54,48,81,81,64
Jaume Costa,83,67,53,59,66,56,66,84,38
A. Areola,54,16,19,16,14,25,17,52,16
Escudero,72,72,42,69,68,66,61,78,47
Y. Mallı,78,75,75,69,40,81,76,75,69
S. Corchia,77,78,58,80,70,67,72,77,58
J. Kucka,69,68,65,70,77,71,76,69,68
J. Zoet,57,13,12,16,19,27,11,45,19
A. Ljajić,82,80,72,83,48,75,75,79,74
Canales,65,81,75,78,38,66,72,62,63
M. Hitz,41,15,27,17,18,22,8,46,26
Balenziaga,73,78,41,33,70,44,54,76,50
W. Bony,63,66,80,58,82,77,83,68,76
B. Hübner,54,40,20,42,83,50,41,55,45
F. Coquelin,65,55,41,41,60,52,62,67,43
Jonathas,72,40,80,38,78,73,81,77,74
G. Bou,76,66,80,71,74,71,79,76,74
V. Babacan,49,16,15,12,16,12,17,61,14
S. Doumbia,90,79,77,71,74,80,77,91,77
Maurício,68,44,42,45,78,52,32,69,51
M. Fabián,76,78,77,78,61,75,75,69,77
R. Zieler,46,11,10,10,13,24,15,50,12
A. Kolarov,64,85,55,81,80,74,69,67,64
Mariano,86,82,54,56,66,61,74,79,58
S. Feghouli,83,57,68,68,60,62,77,88,68
K. Papadopoulos,61,40,24,43,90,46,35,63,44
S. Wagner,53,55,83,54,88,64,83,65,75
P. Piatti,88,81,76,58,71,59,80,83,72
C. Yacob,49,52,58,55,78,66,42,38,23
A. Ogbonna,69,51,25,36,77,39,30,70,30
Roberto,45,14,14,14,19,19,17,48,13
N. Amrabat,83,77,74,68,68,77,73,80,73
W. Vainqueur,72,52,50,45,62,32,56,68,56
Marcelo,61,39,44,41,82,51,39,70,42
Antunes,78,82,56,80,57,61,70,82,69
Fabricio,59,19,14,15,14,22,14,63,13
S. Prödl,38,32,34,38,87,35,37,36,22
F. Johnson,84,72,70,57,60,53,78,89,66
Bojan,78,83,70,66,42,71,77,75,79
P. Wernbloom,54,53,60,32,87,66,70,58,46
A. Ayew,76,74,73,57,76,71,79,75,65
D. Ospina,34,10,10,13,15,26,16,34,12
W. Reid,67,33,46,38,81,55,42,71,30
Lucas Leiva,50,66,23,47,65,61,49,41,47
Z. Junuzović,77,88,68,82,58,70,73,78,82
C. Ansaldi,77,76,57,45,63,52,65,83,51
D. Zurutuza,67,72,76,59,65,61,72,68,55
N. Şahin,58,83,61,81,65,39,67,50,80
Gervinho,91,69,72,43,63,63,80,92,70
G. dos Santos,87,73,78,80,61,70,75,86,77
R. Shawcross,46,34,53,24,83,48,31,51,35
J. Evans,65,32,28,25,81,44,28,65,46
S. Sirigu,50,11,10,11,11,19,10,51,12
A. Gyan,77,54,81,55,73,70,80,77,80
Y. Cabaye,62,77,69,77,67,78,70,63,73
Danilo,49,34,23,38,72,50,25,52,22
N. Pareja,42,70,51,78,80,69,43,35,49
S. Radu,72,45,55,48,70,57,55,72,51
D. Abraham,76,45,46,67,78,54,31,83,65
M. Krohn-Dehli,69,77,76,83,50,76,82,66,53
Jurado,72,80,77,78,47,66,79,69,69
B. Gomis,66,61,80,62,81,83,79,68,79
H. Herrera,73,67,64,63,59,58,76,74,59
Luisão,32,36,45,48,82,66,30,34,51
V. Berezutskiy,52,51,23,43,78,45,37,52,39
I. Akinfeev,51,19,13,13,18,10,11,50,10
I. Denisov,67,62,63,54,59,62,64,65,60
A. Samedov,81,86,74,79,59,81,77,80,61
Xabi Prieto,45,81,74,76,75,84,77,51,61
Negredo,62,68,80,70,83,80,79,63,80
A. Pyatov,44,14,9,16,10,15,14,44,12
P. Zabaleta,61,68,49,66,75,64,71,61,53
G. Ochoa,47,14,12,17,19,16,16,50,16
W. Caballero,44,23,11,11,22,16,7,47,13
Vágner Love,76,68,81,38,78,85,82,73,72
M. Vorm,57,12,14,14,17,41,10,58,12
D. Baier,63,62,52,70,52,62,58,51,58
R. Adler,46,12,14,13,10,21,7,37,18
S. Sorrentino,34,14,10,11,10,20,10,40,18
T. Rosický,76,81,65,70,46,74,72,71,67
G. Barry,30,78,56,78,74,72,58,33,65
E. Belözoğlu,54,83,68,83,43,85,63,42,69
André Silva,75,69,75,33,77,80,83,85,74
K. Dolberg,73,67,78,70,69,74,75,79,75
Yeray,66,56,41,50,76,61,39,69,55
C. Pulisic,93,69,71,58,49,48,73,90,70
L. Tousart,69,36,42,45,73,48,62,69,43
A. Onana,64,30,12,17,20,27,11,62,13
V. Koziello,78,72,66,54,49,60,77,75,63
N. Radoja,57,37,73,36,51,42,79,44,32
V. Rongier,69,76,65,64,41,65,71,55,73
O. Al Soma,74,69,80,74,77,74,77,73,67
F. Cervi,91,70,72,50,48,56,74,88,55
Jorge Meré,69,34,22,33,80,51,25,68,33
Jony,86,81,75,76,44,61,76,83,56
R. Karsdorp,86,60,53,60,69,52,65,87,66
Dani Ceballos,72,69,62,61,37,55,73,65,57
H. Lozano,94,69,72,59,56,64,75,93,71
Raúl,54,37,50,43,80,51,43,47,48
Pau López,45,23,19,21,15,25,20,52,17
M. Vecino,68,60,60,58,60,56,72,68,62
A. Sanabria,79,73,80,64,69,69,80,81,67
R. Battaglia,65,65,65,64,68,57,73,67,64
J. Izquierdo,93,75,71,34,60,58,75,93,54
T. Bongonda,85,64,69,63,39,57,77,81,58
Rúben Semedo,68,22,43,26,75,38,48,75,51
Rafa,91,75,65,56,46,59,78,92,64
Morales,89,78,75,71,54,68,74,88,61
Capa,85,55,56,58,61,54,76,87,52
M. Sportiello,48,14,18,21,18,21,18,38,12
D. Zapata,69,46,81,64,78,64,78,76,76
D. Benedetto,78,67,80,57,75,68,81,84,71
D. Laxalt,86,61,64,60,43,49,68,90,49
D. Origi,82,54,79,40,73,65,80,84,70
N. Stark,75,43,50,35,80,39,62,78,48
Hernâni,92,75,68,59,55,68,79,91,68
Iuri Medeiros,84,88,73,82,45,79,72,75,73
R. Gagliardini,71,70,55,39,76,41,70,70,69
Pedro Santos,88,80,73,76,62,65,77,87,64
Carles Gil,70,76,72,58,34,69,74,70,71
Paulo Oliveira,67,33,25,29,77,45,30,68,36
A. Szymanowski,91,69,77,57,67,70,75,86,66
Bruno Peres,89,69,53,59,60,70,74,92,73
K. Wimmer,55,24,21,28,76,35,30,62,27
Tiago Volpi,59,65,14,60,13,21,10,58,20
F. Kostić,89,79,64,75,48,67,73,87,68
A. Samaris,59,58,58,73,78,66,59,60,55
A. Doucouré,62,41,70,42,66,45,73,69,67
G. Pizarro,64,66,59,54,60,60,67,56,62
M. Ginter,54,58,51,51,83,67,55,72,53
J. Lingard,84,74,72,56,61,65,79,83,64
M. Weiser,85,69,63,52,65,58,74,84,59
D. Cheryshev,78,74,74,61,54,64,78,82,68
Bigas,71,46,49,43,80,48,61,73,44
D. Heintz,55,48,23,32,79,41,26,68,26
B. Davies,78,64,55,48,66,54,64,74,37
L. Castro,78,76,58,68,58,68,75,78,67
J. Ward-Prowse,67,88,61,83,57,80,62,65,51
T. Inui,87,85,68,65,41,51,71,79,62
M. Sabitzer,87,72,77,63,52,65,81,79,74
B. Mendy,79,77,33,29,64,40,70,84,20
R. Jiménez,75,70,75,45,82,87,82,77,80
E. Sala,56,68,79,41,79,68,79,67,75
B. Reynet,41,10,17,14,14,19,12,45,19
M. Niang,86,68,70,66,64,70,82,92,72
K. Fortounis,73,78,72,78,57,80,76,77,71
Pozuelo,62,77,64,72,39,66,74,57,62
Joãozinho,89,76,74,76,63,83,75,90,68
P. Kadeřábek,77,54,56,52,69,54,55,84,57
T. Vilhena,77,70,62,68,60,53,67,69,68
M. Elyounoussi,88,73,69,59,65,64,70,82,74
L. Bittencourt,89,77,65,70,45,61,69,79,66
Sergi Darder,59,67,56,55,50,55,74,51,54
D. Demme,68,65,21,62,55,58,67,53,48
V. Eysseric,72,76,77,78,52,71,78,72,72
G. Ramírez,73,79,74,77,57,73,75,70,71
David López,58,48,65,46,69,50,59,62,56
M. Badelj,58,64,54,58,66,68,62,60,66
A. Mandi,66,67,41,49,83,35,67,69,36
Ismaily,84,65,60,50,57,51,73,80,55
A. Marchesín,49,16,14,15,11,14,18,52,15
L. Teodorczyk,66,50,82,49,84,65,84,74,76
Marafona,36,19,18,17,13,23,13,37,19
B. Lecomte,44,20,11,19,10,20,10,40,10
N. Chadli,74,77,76,78,67,76,77,78,73
S. Rode,72,51,55,57,66,51,69,65,55
M. van Ginkel,67,66,78,68,72,67,77,75,72
André André,73,78,69,61,64,84,77,69,64
J. Guidetti,65,68,79,80,67,81,78,65,77
Danilo,75,74,61,76,68,67,75,80,72
V. Aboubakar,77,69,74,67,77,76,76,83,70
C. Aránguiz,77,75,64,76,53,79,75,73,68
Raúl Navas,55,34,36,65,79,46,39,51,44
K. Mbodj,68,35,45,55,81,62,37,78,63
Rodrigo,89,78,74,67,72,77,78,92,74
R. Funes Mori,79,75,82,58,77,70,80,76,72
M. Höger,61,72,65,61,67,74,70,54,73
N. Lodeiro,73,81,65,77,42,76,77,69,70
D. Caligiuri,78,78,69,61,56,79,76,78,68
S. Verdi,90,80,56,60,42,60,74,86,74
E. Pérez,74,62,66,63,58,82,69,67,58
T. Gutiérrez,66,67,80,63,73,72,81,65,75
C. Austin,64,59,82,43,81,80,83,66,72
E. Berisha,28,13,13,12,12,22,12,28,11
G. Gillet,68,67,75,65,78,69,76,66,71
L. López,77,76,77,73,76,84,81,83,74
A. Townsend,86,71,72,76,52,83,70,84,59
D. Heintz,55,48,23,32,79,41,26,68,26
Pozuelo,62,77,64,72,39,66,74,57,62
T. Vermaelen,69,61,52,65,81,62,41,67,56
I. Abate,82,69,38,44,64,48,72,88,60
J. Briand,71,67,79,66,79,69,79,79,79
M. Sabitzer,87,72,77,63,52,65,81,79,74
Capa,85,55,56,58,61,54,76,87,52
J. Toulalan,39,53,27,56,70,56,66,36,27
Bruno Alves,60,77,62,80,79,75,52,52,60
T. Howard,49,14,13,14,12,33,13,39,12
M. Barovero,35,19,13,19,13,20,17,35,18
C. Aránguiz,77,75,64,76,53,79,75,73,68
V. Rongier,69,76,65,64,41,65,71,55,73
Joaquín,71,86,74,77,56,75,77,65,68
J. Lingard,84,74,72,56,61,65,79,83,64
S. Bocchetti,69,30,45,25,76,45,31,64,38
A. Marchesín,49,16,14,15,11,14,18,52,15
Muniain,85,78,73,69,43,61,80,78,63
Danilo,75,74,61,76,68,67,75,80,72
C. Gentner,48,69,73,54,76,65,74,50,76
O. Al Soma,74,69,80,74,77,74,77,73,67
F. Gago,57,66,47,67,59,69,64,66,55
Bigas,71,46,49,43,80,48,61,73,44
D. Origi,82,54,79,40,73,65,80,84,70
D. Cheryshev,78,74,74,61,54,64,78,82,68
R. van Persie,66,86,76,81,75,84,84,63,84
M. Layún,77,68,67,74,63,74,73,78,66
V. Eysseric,72,76,77,78,52,71,78,72,72
Sergi Darder,59,67,56,55,50,55,74,51,54
D. Laxalt,86,61,64,60,43,49,68,90,49
Tiago Volpi,59,65,14,60,13,21,10,58,20
Morales,89,78,75,71,54,68,74,88,61
V. Aboubakar,77,69,74,67,77,76,76,83,70
A. Szymanowski,91,69,77,57,67,70,75,86,66
N. Nkoulou,68,37,33,28,74,50,54,71,64
S. Ignashevich,33,51,50,66,82,76,54,34,32
Ismaily,84,65,60,50,57,51,73,80,55
Pau López,45,23,19,21,15,25,20,52,17
Rafinha,76,79,37,58,50,63,66,69,50
L. Tousart,69,36,42,45,73,48,62,69,43
J. Terry,33,44,46,31,83,52,38,34,55
P. Skjelbred,68,70,46,61,52,55,60,66,40
I. Afellay,76,79,71,75,46,70,73,74,72
N. Lombaerts,33,59,38,57,83,48,39,44,43
Granero,60,80,69,76,59,73,72,55,58
J. Baumgartlinger,69,47,39,49,69,59,62,73,50
R. Palacio,79,78,80,67,75,79,84,78,76
Miguel Lopes,77,70,40,55,65,50,65,77,55
Susaeta,76,82,69,79,52,58,76,74,62
Hilton,34,42,45,48,79,64,50,42,51
Y. M'Vila,79,70,56,67,61,68,41,72,56
Pedro Santos,88,80,73,76,62,65,77,87,64
Hernâni,92,75,68,59,55,68,79,91,68
V. Koziello,78,72,66,54,49,60,77,75,63
J. Guidetti,65,68,79,80,67,81,78,65,77
Borja Bastón,57,68,78,46,77,72,83,66,80
J. Farfán,82,80,75,75,58,79,74,83,69
J. Montero,91,76,65,64,50,68,73,90,64
A. Mandi,66,67,41,49,83,35,67,69,36
K. Mbodj,68,35,45,55,81,62,37,78,63
M. Badelj,58,64,54,58,66,68,62,60,66
R. Battaglia,65,65,65,64,68,57,73,67,64
M. Ruben,77,64,83,56,75,74,82,76,68
M. Borriello,57,61,83,74,80,74,85,65,70
Rodrigo,89,78,74,67,72,77,78,92,74
R. Gagliardini,71,70,55,39,76,41,70,70,69
Eliseu,75,66,59,69,72,64,70,77,67
F. Kostić,89,79,64,75,48,67,73,87,68
A. Onana,64,30,12,17,20,27,11,62,13
Mosquera,65,79,58,70,65,51,70,48,51
Rochina,75,76,70,68,54,67,75,72,68
André André,73,78,69,61,64,84,77,69,64
Rúben Semedo,68,22,43,26,75,38,48,75,51
K. Fortounis,73,78,72,78,57,80,76,77,71
S. Ryzhikov,40,19,13,15,12,22,19,35,14
A. N'Diaye,66,36,46,32,55,54,46,76,31
B. Reynet,41,10,17,14,14,19,12,45,19
Y. Gourcuff,63,80,64,76,71,75,70,66,70
K. Asamoah,79,72,55,68,64,64,78,76,76
R. Bobadilla,69,80,77,80,74,75,76,76,76
R. Hamouma,79,78,79,73,63,72,76,78,75
C. Pulisic,93,69,71,58,49,48,73,90,70
M. Fernández,79,80,62,82,50,72,74,73,70
K. Honda,77,86,60,86,72,76,74,76,72
Raúl Navas,55,34,36,65,79,46,39,51,44
A. Dzyuba,66,65,77,60,88,77,81,65,72
B. Yılmaz,83,66,82,75,72,79,86,81,77
J. Holebas,78,69,57,71,74,57,69,81,50
K. Casteels,44,20,15,13,14,20,15,46,13
Javi García,64,55,59,44,86,61,62,66,59
D. Caligiuri,78,78,69,61,56,79,76,78,68
Fontàs,33,58,45,52,73,52,43,30,46
K. Vermeer,64,16,13,13,16,30,19,55,11
Jony,86,81,75,76,44,61,76,83,56
M. Höger,61,72,65,61,67,74,70,54,73
S. Dann,44,30,40,29,85,30,36,45,29
Rafa,91,75,65,56,46,59,78,92,64
Y. Bolasie,86,62,64,49,51,65,69,87,51
D. Glushakov,71,45,73,59,68,75,75,68,65
Juanfran,76,64,57,60,69,59,69,81,53
K. Trippier,78,80,45,68,70,39,60,77,44
Guilherme,37,19,11,12,13,12,13,40,13
A. Ramos,77,68,78,48,86,72,78,83,73
M. Bradley,69,74,61,71,64,69,66,68,71
Souza,68,68,65,61,77,63,66,71,44
T. Mangani,64,74,66,79,68,75,68,62,67
N. Stark,75,43,50,35,80,39,62,78,48
Carles Gil,70,76,72,58,34,69,74,70,71
Adriano,77,84,59,69,65,59,77,74,53
B. Mee,66,38,27,31,77,36,30,66,29
M. Ginter,54,58,51,51,83,67,55,72,53
Paulo Oliveira,67,33,25,29,77,45,30,68,36
C. Dempsey,64,72,79,73,77,71,80,65,75
R. Funes Mori,79,75,82,58,77,70,80,76,72
M. Weiser,85,69,63,52,65,58,74,84,59
H. Briceldo,84,59,74,67,77,74,73,81,76
B. Moukandjo,90,71,80,71,68,79,77,91,72
Juanmi,80,60,80,57,73,63,83,78,74
L. Kalinić,30,18,12,13,15,22,7,39,15
N. Subotić,51,33,29,58,84,43,48,65,32
N. Blandi,67,55,82,54,80,78,83,65,77
P. De Blasis,87,77,71,62,71,77,72,75,60
M. Phillips,88,72,69,48,54,61,72,86,45
M. Braithwaite,82,71,77,75,66,73,81,86,73
A. Lafont,48,13,6,12,13,16,4,45,9
D. Reyes,63,45,44,36,79,48,44,66,37
Iván Ramis,38,67,54,77,72,65,52,38,59
V. Behrami,63,70,56,69,68,72,63,63,69
G. Hoarau,55,66,82,54,81,81,81,52,75
T. Barnetta,74,79,64,78,56,70,73,71,69
E. Choupo-Moting,76,76,75,44,74,68,76,78,75
Jesé,87,74,71,66,42,68,75,80,55
J. Pinola,69,65,38,55,67,38,57,70,46
Luís Hernández,71,58,37,42,69,54,55,72,53
Jonny,74,60,28,54,62,46,53,79,44
B. Dočkal,68,82,69,80,57,75,72,66,72
Raphaelito Anjos,41,9,8,18,11,14,27,42,8
M. Carcela-González,86,80,72,71,35,65,73,80,70
L. Pavoletti,67,49,83,28,82,64,80,67,80
D. Bonera,36,38,23,29,74,49,27,33,19
Marcelo,69,35,24,27,80,42,24,70,28
Dalbert,91,68,59,47,60,42,77,91,52
G. McAuley,36,39,50,33,85,49,45,31,23
A. Halilović,78,80,61,69,24,75,71,74,64
N. Amiri,78,76,65,71,42,65,69,69,65
I. Popov,80,67,72,76,66,71,76,78,66
W. Hoolahan,65,65,67,67,43,77,74,59,62
Sidney Pessinho,72,81,56,77,62,67,52,72,45
A. Potuk,87,74,66,40,62,56,74,86,54
F. Pogba,63,60,21,69,73,38,36,69,45
M. Andújar,45,13,11,16,10,23,13,45,11
D. Boyko,49,11,18,14,18,15,9,48,7
A. Carrillo,86,78,71,55,70,68,76,83,74
M. Andreolli,44,31,16,18,76,34,33,65,23
Bruno,34,49,23,31,77,42,36,39,23
O. Duarte,60,28,26,32,77,37,35,69,32
Rúben Neves,65,76,62,70,61,59,63,66,68
Jozabed,67,71,73,57,64,54,80,65,54
P. Pérez,70,65,61,72,58,59,69,71,39
Gazzolisco,81,81,54,77,77,77,57,82,71
Pacheco,48,20,16,20,10,23,14,44,13
M. Gamonales,84,76,69,68,60,64,76,76,71
Ronaldo Esler,88,54,45,49,60,49,69,86,55
Vitor Hugo,66,33,26,34,83,49,27,70,33
T. Arslan,75,76,64,73,58,76,68,73,68
J. Veretout,68,69,73,73,53,77,68,64,70
D. Pabón,90,76,77,75,51,80,79,86,77
Juan Jesus,78,48,20,36,74,37,38,79,17
E. Durm,83,60,50,35,63,55,68,83,43
G. Imbula,73,65,51,38,62,29,75,71,28
Luis Alberto,67,73,73,69,45,56,75,60,58
M. Risse,81,70,73,76,52,72,75,79,68
Luís Neto,57,52,33,43,82,47,44,59,40
B. Ruíz,64,81,65,74,75,73,74,66,79
Jordi Amat,63,40,34,36,74,28,30,72,28
S. Kapino,41,14,13,18,12,26,3,43,19
J. Ďurica,34,60,30,67,81,14,20,33,40
B. Stambouli,65,42,50,43,68,50,62,65,40
F. Armani,30,14,11,16,11,20,18,34,15
C. Kaboré,72,43,53,53,69,65,65,70,31
A. Rukavina,71,68,36,38,63,42,66,76,49
P. Kimpembe,69,39,31,32,69,43,34,69,28
Sergio León,77,69,82,64,71,80,78,76,77
M. Elneny,58,69,57,61,57,62,63,61,39
D. Torres,60,57,55,50,61,72,62,57,48
S. Okazaki,76,53,74,50,74,74,82,73,76
C. Jallet,69,74,57,66,71,65,74,72,70
Y. Salibur,90,72,73,74,58,65,74,84,62
N. Redmond,89,69,69,65,33,57,74,86,55
A. Song,68,57,55,41,68,66,62,65,52
Andreas Pereira,73,80,68,80,59,49,69,72,76
Castán,60,31,21,24,77,26,22,65,22
K. Huntelaar,52,73,80,64,78,56,80,57,81
T. Partey,75,62,60,41,66,46,60,78,53
Mário Rui,88,63,27,60,60,60,59,84,53
André Pinto,50,35,34,50,78,46,33,50,36
L. Rémy,74,66,78,51,76,76,81,77,70
Badou Ndiaye,86,78,74,65,59,65,78,85,65
O. Kıvrak,60,11,10,11,14,19,12,60,10
A. Bertolacci,72,70,62,64,64,56,76,76,69
A. Živković,87,82,67,65,43,60,72,84,68
Iraizoz,32,12,12,13,13,13,16,33,16
D. Da Silva,47,28,25,31,78,43,39,66,36
D. Benaglio,42,15,12,13,15,23,7,44,12
T. Rincón,76,52,45,52,58,46,66,72,60
Y. Ōsako,77,72,72,53,70,70,79,76,74
L. Sané,52,48,32,23,83,33,42,67,22
Gil,53,39,28,34,75,42,50,67,23
J. King,87,69,82,42,63,72,77,92,67
Bastos,70,35,30,28,74,50,31,73,31
J. Quintero,76,80,64,77,42,71,62,72,65
A. Meier,34,86,81,75,74,72,85,40,83
G. Nkoudou,92,74,71,58,49,67,76,91,74
Montoya,83,77,50,55,59,50,58,83,66
L. Dalsaro,72,81,56,77,62,67,52,72,45
K. Källström,35,85,62,80,62,70,65,37,79
T. Vaclík,34,17,14,16,19,13,15,35,13
M. Politano,85,66,69,61,40,70,75,79,67
M. Zárate,79,81,78,79,56,70,77,75,78
G. İnler,52,64,56,68,68,74,61,51,76
M. Albrighton,79,82,69,73,42,60,73,79,72
A. Gray,90,57,80,39,65,74,79,89,67
Marçal,83,62,57,55,58,49,73,78,44
M. Ryan,53,23,11,12,14,25,10,52,15
A. Gamberini,62,46,29,28,76,41,31,68,27
Yoel,35,25,14,15,10,25,13,43,19
S. Widmer,78,67,58,56,68,58,68,84,48
J. Aquino,92,72,64,63,47,67,75,91,51
